Org,Technologies,Slots,Ideas Page,Contact
3DTK,"c/c++,  cmake, opencv, ros, boost",2,http://slam6d.sourceforge.net/wishlist.html,https://sourceforge.net/p/slam6d/discussion/
52° North Initiative for Geospatial Open Source Software GmbH,"javascript,  java, spring, r, big data",1,https://wiki.52north.org/Projects/GSoC2018ProjectIdeas,https://wiki.52north.org/Projects/GSoC#Contact
AerospaceResearch.net,"python, c/c++, vhdl, boinc,  java",6,https://aerospaceresearch.net/?page_id=612,https://aerospaceresearch.net/?page_id=612
aimacode," python,  java,  javascript, ai, jupyter",5,https://github.com/aimacode/aima-gsoc,https://gitter.im/aimacode/Lobby
Amahi,"ruby on rails, golang, swift, javascript, android",5,https://wiki.amahi.org/index.php/Google_Summer_of_Code_Ideas,http://talk.amahi.org/
AOSSIE - Australian Open Source Software Innovation and Education,"scala, isabelle proof assistant, browser extension, javascript/html5/css3, android/ios",13,http://aossie.org/#ideas,http://gitter.im/GSoC-AOSSIE/
Apache Software Foundation,"c, java, erlang",23,http://s.apache.org/gsoc2018ideas,https://wiki.apache.org/general/IRC
Apertium,"c++, python, xml, fsts",11,http://wiki.apertium.org/wiki/Ideas_for_Google_Summer_of_Code,http://wiki.apertium.org/wiki/IRC
Apertus Association,"fpga, embedded, linux, c/c++, vhdl",4,https://lab.apertus.org/project/view/20/,https://www.apertus.org/irc-chat
appleseedhq,"c/c++, qt",3,https://github.com/appleseedhq/appleseed/wiki/List-of-Project-Ideas-for-GSoC-2018,https://slackin-naplrzjfoz.now.sh/
ArduPilot,"drones, python, linux, c/c++, robotics",5,http://ardupilot.org/dev/docs/gsoc-ideas-list.html,https://gitter.im/ArduPilot/GSoC
BeagleBoard.org Foundation,"linux, gcc, real-time, physical computing, iot",3,https://bbb.io/gsocideas,https://beagleboard.org/chat
Beam Community,"erlang, xmpp",6,https://github.com/beamcommunity/beamcommunity.github.com/wiki,http://beamcommunity.github.io
BeeWare Project,"python, ios, android, javascript,  java",2,https://github.com/pybee/pybee.github.io/wiki/GSoC-Project-Ideas,https://gitter.im/pybee
Berkman Klein Center for Internet & Society at Harvard University,"ruby on rails, meteor.js, elasticsearch, javascript, elk",2,https://cyber.harvard.edu/gsoc,https://cyber.harvard.edu/gsoc/Main_Page#Contact_Us
Blender Foundation,"c, c++, python, opengl, opencl",5,https://wiki.blender.org/index.php/Dev:Ref/GoogleSummerOfCode/2018/Ideas,https://www.blender.org/get-involved/developers/
Boost C++ Libraries,"c++11, c++14, c++, c++17",9,https://github.com/boostorg/boost/wiki/Boost-Google-Summer-of-Code-2018,http://www.boost.org/community/irc.html
Boston University / XIA,"xia, linux kernel, c, advanced data structures,  ddos",4,https://github.com/AltraMayor/XIA-for-Linux/wiki/Ideas-list,http://groups.google.com/group/linux-xia
BRL-CAD,"c/c++, qt, opengl, opencl, tcl/tk",7,http://brlcad.org/wiki/Google_Summer_of_Code/Project_Ideas,https://brlcad.zulipchat.com
Canadian Centre for Computational Genomics,"r, perl, awk, bash, python",3,https://bitbucket.org/mugqic/gsoc_2018,mailto:info@computationalgenomics.ca
Catrobat,"java, android, ios, espresso",5,http://developer.catrobat.org/gsoc_2018_ideas_page.html,http://catrob.at/mailinglist
CCExtractor Development,"c, python, arduino, node.js, c#",6,https://ccextractor.org/public:gsoc:ideas_page_for_summer_of_code_2018,https://ccextractor.org/public:general:support
Center for Research In Open Source Software (CROSS) at UC Santa Cruz,"ceph, hadoop, c++, javascript,  python",2,https://cross.ucsc.edu/cross-gsoc/,https://cross.ucsc.edu/about/contact/
CERN-HSF,"c/c++, python, data analysis, machine learning, parallelization",26,http://hepsoftwarefoundation.org/activities/gsoc.html,http://hepsoftwarefoundation.org/activities/gsoc.html
CGAL Project,"c++, github, git",7,https://github.com/CGAL/cgal/wiki/Project-Ideas,http://www.cgal.org/mailing_list.html
CHAOSS: Community Health Analytics Open Source Software,"python 3,  javascript",2,https://wiki.linuxfoundation.org/chaoss/gsoc-ideas,https://wiki.linuxfoundation.org/chaoss/metrics
Checker Framework,java,3,https://checkerframework.org/gsoc-2018-ideas.html,https://groups.google.com/forum/#!forum/checker-framework-gsoc
CiviCRM LLC,"php, mysql, angularjs, d3.js",4,https://lab.civicrm.org/community-team/gsoc2018/blob/master/projects.md,https://chat.civicrm.org
Classical Language Toolkit," python,  javascript",3,https://github.com/cltk/cltk/wiki/Project-ideas,https://gitter.im/cltk/cltk
"CLiPS, University of Antwerp","python, javascript, mongodb",4,https://docs.google.com/document/d/1U37CixY13O5Lrd_j75xD3vcSg6vmEosH7ubQIGPIURg,http://www.clips.uantwerpen.be:3001
Cloud Native Computing Foundation (CNCF),"kubernetes, prometheus, grpc, docker, golang",7,https://github.com/cncf/soc,https://github.com/cncf/soc/issues
CloudCV,"machine learning, deep learning, computer vision, artificial intelligence, cloud",5,http://gsoc.cloudcv.org,https://gitter.im/Cloud-CV/
coala,"django, python 3, antlr, emberjs, reactjs",14,https://projects.coala.io/,http://coala.io/chat
Computational Biology @ University of Nebraska-Lincoln,"javascript, webgl, reactjs, flask",4,http://helikarlab.org/GSoC2018.html,https://groups.google.com/forum/#!forum/helikarlab-gsoc
Conversations.im,"java, android, xmpp, gtk, javascript",3,https://conversations.im/gsoc.html,https://conversations.im/j/gsoc@conference.conversations.im
Cuneiform Digital Library Initiative,"python, mariadb, rdf, php, nltk",2,https://github.com/cdli-gh/Framework/wiki/Google-Summer-of-Code-2018---Ideas-List,mailto:cdli@ucla.edu
DBpedia,"rdf, scala, sparql",3,https://github.com/dbpedia/GSoC/issues?q=is%3Aissue+is%3Aopen+label%3Aproject+label%3Agsoc-2018,https://dbpedia.slack.com/
Debian Project,"javascript,  ruby,  java,  python, c/c++",22,https://wiki.debian.org/SummerOfCode2018/Projects,https://wiki.debian.org/IRC
Developers Italia,"python, ruby, node.js,  java, c/c++",2,https://developers.italia.it/en/gsoc-ideas/,https://slack.developers.italia.it
Digital Impact Alliance,"android, java, php,  python,  javascript",2,http://gsoc.dial.community/,https://dial.zulipchat.com/
Django Software Foundation,"python, django",0,https://code.djangoproject.com/wiki/SummerOfCode2018,https://docs.djangoproject.com/en/dev/internals/contributing/new-contributors/
Drupal,"web, web development, content management system, cms, object-oriented",1,https://groups.drupal.org/node/518074,http://drupal.org/irc#drupal-google
Earth Science Information Partners (ESIP)," kubernetes,  dask,  xarray,  python, javascript",2,https://github.com/ESIPFed/GSoC/issues,https://esip-slack-invite.herokuapp.com/
Elastic," java, golang, node.js, react, jruby",2,https://github.com/elastic/gsoc#ideas,https://discuss.elastic.co/c/elastic-community/elastic-gsoc
Eta,"haskell, jvm,  java",2,https://eta-lang.org/contribute/gsoc/2018,https://gitter.im/typelead/eta
Fedora Project,"linux, python, git, postgresql, ansible",5,https://docs.fedoraproject.org/mentored-projects/gsoc/2018/ideas.html,https://webchat.freenode.net/?channels=#fedora-summer-coding
FFmpeg,"c, asm, git",5,https://trac.ffmpeg.org/wiki/SponsoringPrograms/GSoC/2018,http://ffmpeg.org/contact.html#IRCChannels
FOSSASIA,"java, javascript, python, android, artificial intelligence",32,https://labs.fossasia.org/ideas,https://gitter.im/fossasia/fossasia
FOSSology,"php, postgresql, lamp, linux, c/c++",1,https://wiki.fossology.org/gsoc-2018,http://fossology.slack.com
Free and Open Source Silicon Foundation,"fpga, verilog, c, chisel, synthesis",6,https://fossi-foundation.org/gsoc18-ideas,https://gitter.im/librecores/Lobby
Free UK Genealogy,"mongodb, ruby on rails, mysql, python,  css/html",2,https://www.freeukgenealogy.org.uk/about/volunteer/tech-volunteering-opportunities/ideas-list/,https://www.freeukgenealogy.org.uk/about/volunteer/tech-volunteering-opportunities/ideas-list/
FreeBSD,"c/c++, llvm,  shell script, assembly, make",8,https://wiki.freebsd.org/SummerOfCodeIdeas,https://wiki.freebsd.org/SummerOfCodeIRC
FreeType,"c, gnu make, gnu autotools, python, fonts",3,https://www.freetype.org/gsoc.html,https://lists.nongnu.org/mailman/listinfo/freetype-devel
freifunk,"openwrt, javascript, html, c,  python",12,https://projects.freifunk.net,http://irc.freifunk.net
"Genes, Genomes and Variation","perl, mysql, java script",2,http://www.ensembl.info/student-projects/,http://lists.ensembl.org/mailman/listinfo/dev
GENIVI Alliance,"yocto, c/c++, java",1,https://at.projects.genivi.org/wiki/display/GDP/Google+Summer+of+Code+Instructions+and+ideas,https://lists.genivi.org/mailman/listinfo/genivi-projects
Gentoo Foundation," shell script, bash, c/c++,  python, linux",2,https://wiki.gentoo.org/wiki/Google_Summer_of_Code/2018/Ideas,https://wiki.gentoo.org/wiki/Google_Summer_of_Code/2018/Application_Guidelines
GFOSS - Open Technologies Alliance,"python 3, php/javascript/html,  css/html, java, c/c++",10,https://ellak.gr/wiki/index.php?title=GSOC2018_Projects,http://opensource-devs@ellak.gr
Git,"c,  shell script,  git",3,https://git.github.io/SoC-2018-Ideas/,http://git-scm.com/community
Global Alliance for Genomics and Health,"java, python, cloud, c/c++, mongodb",4,https://docs.google.com/document/d/1fzIMN3F96Qv--Bq9sGbApaVyS2dmUoGMrLP9O-ihKFE/view?usp=sharing,mailto:gsoc@genomicsandhealth.org
GNOME,"c, python,  javascript, gtk+, gobject",13,https://wiki.gnome.org/Outreach/SummerOfCode/2018/Ideas,https://wiki.gnome.org/Community/GettingInTouch
GNSS-SDR,"c/c++, gnss, c++11, c++14",5,http://gnss-sdr.org/google-summer-code-2018-ideas-list/,http://lists.sourceforge.net/lists/listinfo/gnss-sdr-developers
GNU Compiler Collection (GCC),"c++, c, openmp",1,https://gcc.gnu.org/wiki/SummerOfCode,https://gcc.gnu.org/wiki
GNU Octave,"c++, hg",3,http://wiki.octave.org/Summer_of_Code_Project_Ideas,https://webchat.freenode.net/?channels=#octave
GNU Project,"c, lisp, python",9,https://www.gnu.org/software/soc-projects/ideas-2018.html,https://lists.gnu.org/mailman/listinfo/summer-of-code
GNU Radio,"c++, python, simd, qt",2,https://wiki.gnuradio.org/index.php/GSoCIdeas,https://wiki.gnuradio.org/index.php/IRC
Godot Engine,"c++, cpp, opengl, github, crossplatform",5,https://github.com/godotengine/roadmap/blob/master/GSOC-2018.md,https://godotengine.org/community
gRPC,"grpc, microservices, distributed systems, cloud",1,https://github.com/grpc/grpc/blob/master/summerofcode/ideas.md,https://grpc.io/community/
Haiku,"c++, webkit, ffmpeg, posix, bsd unix",2,https://www.haiku-os.org/community/gsoc/2018/ideas,https://www.haiku-os.org/community/irc
Haskell.org,haskell,15,https://summer.haskell.org/ideas.html,https://www.haskell.org/irc
Homebrew,"ruby, git, macos, rspec, bash",1,https://github.com/Homebrew/Outreachy-and-Google-Summer-of-Code,https://github.com/Homebrew/brew#community
INCF,"python, c/c++, javascript, cuda, xml",16,https://www.incf.org/activities/training/gsoc-2018-project-ideas,mailto:gsoc@incf.org
Inclusive Design Institute,"javascript, html, css, node.js, php",5,https://wiki.fluidproject.org/display/fluid/Google+Summer+of+Code+2018+with+the+Fluid+Project,https://wiki.fluidproject.org/display/fluid/IRC+Channel
Inkscape,"svg, css, c++11,  python, gtk+",0,http://wiki.inkscape.org/wiki/index.php/Google_Summer_of_Code#Suggested_Project_Ideas,https://inkscape.org/en/community/discussion/
Inria Foundation,"c/c++, qt, webassembly, asm, communication protocol",2,https://www.sofa-framework.org/community/google-summer-of-code/,https://www.sofa-framework.org/community/get-involved/
Institute for Artificial Intelligence,"c++, python, ros, unreal engine, lisp",6,http://ai.uni-bremen.de/teaching/gsoc2018,https://gitter.im/iai_gsoc18/
Intel Media And Audio For Linux,"video, codecs, hardware acceleration, va-api, c",1,https://01.org/linuxmedia/gsoc-2018-ideas,https://01.org/linuxmedia/blogs/seanvk/2017/vaapi-media-consolidation
InterMine,"postgresql,  java,  javascript, python, clojure",6,http://intermine.org/gsoc/project-ideas/2018/,https://discord.gg/h847Cex
Internet Archive,"pthon, javascript",5,https://docs.google.com/document/d/1qrqVucyFD_x_vA0wyyMYedMn3HHRPBKgCZ4d6Vr7mRQ/edit?usp=sharing,mailto:mark@archive.org
Internet Systems Consortium,"dhcp, c/c++, mysql, cassandra, rest",2,http://kea.isc.org/wiki/KeaIdeas,https://lists.isc.org/mailman/listinfo/kea-dev
JBoss Community," java, android, ios, opentracing, apache kafka",3,https://developer.jboss.org/wiki/GSoC2018Ideas,https://developer.jboss.org/wiki/JBossGSoCContactInformation
JdeRobot - Universidad Rey Juan Carlos,"ros, python, c++, gazebo, opencv",5,http://jderobot.org/GSoC-2018,http://jderobot.org/Collaborate#Mailing_List
Jenkins project," java, groovy,  javascript",2,https://jenkins.io/projects/gsoc/gsoc2018-project-ideas/,https://jenkins.io/content/chat
JGraphT,java,2,https://github.com/jgrapht/jgrapht/wiki/Google-Summer-Of-Code-2018,https://groups.google.com/forum/#!forum/jgrapht-gsoc
Jitsi,"java, javascript, webrtc, react, react native",3,https://jitsi.org/gsoc/,https://jitsi.org/mailing-lists/
Joomla!,"php,  javascript, mysql, html5/css3, cms",7,https://docs.joomla.org/GSOC_2018_Project_Ideas,http://irc.lc/freenode/joomla/
JSK Robotics Laboratory / The University of Tokyo,ros,2,http://www.jsk.imi.i.u-tokyo.ac.jp/gsoc/2018,https://gitter.im/euslisp/jskeus
KDE Community,"qt, c/c++, qml",17,https://community.kde.org/GSoC/2018/Ideas,https://userbase.kde.org/IRC_Channels
Kiwix,"android, java, c++, python, qt",2,http://wiki.kiwix.org/wiki/GSoC,http://webchat.freenode.net/?channels=#kiwix
LabLua,"lua, céu",5,http://www.lua.inf.puc-rio.br/gsoc/ideas2018.html,http://groups.google.com/group/labluagsoc
languagetool.org,"java, javascript, machine learning, ai, tensorflow",2,http://wiki.languagetool.org/missing-features,https://forum.languagetool.org
LEAP Encryption Access Project,"python, twisted, javascript, openvpn, gnupg",1,https://leap.se/en/docs/get-involved/project-ideas,https://leap.se/en/docs/get-involved/communication
LibreHealth,"java, php,  javascript, mysql, webcomponents",9,https://forums.librehealth.io/ideas,https://chat.librehealth.io
LibreOffice,"c++, java, python",7,https://wiki.documentfoundation.org/Development/GSoC/Ideas,https://wiki.documentfoundation.org/Website/IRC
libvirt,"hypervisor, kvm, xen, lxc",2,http://wiki.libvirt.org/page/Google_Summer_of_Code_Ideas,http://libvirt.org/contact.html#irc
LLVM Compiler Infrastructure,llvm,8,http://llvm.org/OpenProjects.html#gsoc18,http://llvm.org/docs/#irc
LuaRocks,"lua, linux, windows, unix, c",2,http://luarocks.github.io/luarocks/gsoc/ideas2018.html,http://gitter.im/luarocks
MariaDB Foundation,"mariadb, mysql, c, c++, java",1,https://mariadb.com/kb/en/library/google-summer-of-code-2018/,https://mariadb.com/kb/en/meta/irc/
Matrix.org,"golang, ios,  android,  python, react",2,https://github.com/matrix-org/GSoC/blob/master/IDEAS.md,https://matrix.to/#/#matrix:matrix.org
MetaBrainz Foundation Inc.,"python, perl, javascript, postgresql, react",5,https://wiki.musicbrainz.org/Development/Summer_of_Code/2018,https://metabrainz.org/contact
Metasploit,"ruby, postgresql, python, c, assembly",5,https://github.com/rapid7/metasploit-framework/wiki/GSoC-2018-Project-Ideas,https://metasploit.com/help#contact
Mixxx DJ Software,"qt, audio, music, real-time, c++",2,https://www.mixxx.org/wiki/doku.php/gsoc2018ideas,https://mixxx.zulipchat.com
mlpack,c++,6,https://github.com/mlpack/mlpack/wiki/SummerOfCodeIdeas,http://www.mlpack.org/involved.html
Mobile Robot Programming Toolkit (MRPT),"c/c++, cmake, python, webs",1,https://github.com/MRPT/mrpt/wiki/Ideas-page-for-MRPT-Google-Summer-of-Code-2018,https://gitter.im/MRPT/mrpt
Moodle,"php,  javascript, ionic, sql, angular",0,https://docs.moodle.org/dev/Projects_for_new_developers,https://telegram.me/moodledev
MovingBlocks," java, opengl, json, blender, github",9,https://github.com/MovingBlocks/Terasology/wiki/GSOC,https://github.com/MovingBlocks/Terasology/wiki/Using-IRC
Mozilla,"javascript, c++, rust, python, css",16,https://wiki.mozilla.org/Community:SummerOfCode18,https://wiki.mozilla.org/IRC
MuseScore,"qt, c++11, cpp, midi",3,https://musescore.org/en/handbook/ideas-2018,https://kiwiirc.com/client/irc.freenode.net/?nick=gsoc|?#musescore
National Resource for Network Biology (NRNB),"java, javascript, python, html, c/c++",10,https://github.com/nrnb/GoogleSummerOfCode/issues,https://groups.google.com/forum/#!forum/cytoscape-helpdesk
Neovim,"lua, c, vim, javascript,  python",2,https://github.com/neovim/neovim/wiki/GSoC-2018-Ideas,https://gitter.im/neovim/neovim
Netfilter project,"linux kernel, c",3,http://people.netfilter.org/pablo/nf-ideas-2018.txt,http://irc.netsplit.de/channels/details.php?room=%23Netfilter&net=freenode
NumFOCUS,"python, julia, r, javascript, c++",40,https://github.com/numfocus/gsoc/blob/master/2018/ideas-list.md,https://groups.google.com/a/numfocus.org/forum/#!forum/gsoc
omegaUp.com,"php, mysql,  python",1,https://github.com/omegaup/omegaup/wiki/Google-Summer-of-Code-2018-Ideas-List,https://github.com/omegaup/omegaup/wiki/Google-Summer-of-Code-2018-Ideas-List#our-mailing-list-and-slack-channel
Open Bioinformatics Foundation,"python,  javascript, d, php, c/c++",5,http://obf.github.io/GSoC/ideas/,http://obf.github.io/GSoC/contact/
Open Chemistry,"python, c++, javascript,  java, opengl",7,http://wiki.openchemistry.org/GSoC_Ideas_2018,https://public.kitware.com/mailman/listinfo/openchemistry-developers
Open Data Kit," android,  java",2,https://forum.opendatakit.org/t/welcome-gsoc-and-outreachy-applicants/11817,http://slack.opendatakit.org
Open Food Facts,"perl, mongodb, ios, android, machine learning",2,https://en.wiki.openfoodfacts.org/Student_projects/GSOC/Proposals,https://slack-ssl-openfoodfacts.herokuapp.com/
Open Roberta Lab,"java, javascript",2,https://github.com/OpenRoberta/robertalab/wiki/Google-Summer-of-Code-2018,https://github.com/OpenRoberta/robertalab/wiki/Community
Open Source Robotics Foundation,"c/c++, python, javascript, ros, gazebo",4,https://github.com/osrf/osrf_wiki/wiki/GSoC,mailto:gsoc@osrfoundation.org
Open States,"python, django, react, graphql, postgresql",0,https://github.com/openstates/meta/wiki/GSoC-2018-Overview#ideas,https://openstates-slack.herokuapp.com/
OpenAstronomy,"python, julia, c++, numba",8,http://openastronomy.org/gsoc/gsoc2018/,http://openastronomy.org/
OpenCensus,"python, java, ruby, node, go",1,http://opencensus.io,https://gitter.im/census-instrumentation/GSoC
OpenMRS," java, spring, javascript, rest, mysql",10,https://om.rs/soc2018,http://irc.openmrs.org
OpenSIPS,"c,  python, mysql, scripting",0,http://www.opensips.org/Development/IdeasList,http://www.opensips.org/About/Contact
OpenStreetMap,"postgis,  java,  ruby,  javascript, c/c++",5,http://wiki.openstreetmap.org/wiki/Google_Summer_of_Code/2018/Project_Ideas,http://wiki.openstreetmap.org/wiki/IRC
openSUSE,"ruby on rail, perl,  ruby, html/javascript, c/c++",2,http://101.opensuse.org/gsoc/,https://en.opensuse.org/openSUSE:IRC_list
OpenWISP,"python, django, javascript, openwrt, linux",2,http://openwisp.org/gsoc/ideas-2018.html,https://gitter.im/openwisp/general
OpnTec,"python, javascript, emberjs, cloud, android",2,http://blog.opntec.org/ideas,https://gitter.im/fossasia/open-event
Oppia Foundation,"angularjs, python,  javascript, appengine,  css",7,https://github.com/oppia/oppia/wiki/Google-Summer-of-Code-2018#oppias-project-ideas,https://github.com/oppia/oppia/wiki/Google-Summer-of-Code-2018#communication
OSGeo,"c/c++, standards, python, sql, database",10,http://wiki.osgeo.org/wiki/Google_Summer_of_Code_2018_Ideas,https://wiki.osgeo.org/wiki/Google_Summer_of_Code_Recommendations_for_Students#How_to_get_in_contact_via_IRC
OW2,"java, perl, middleware, bpm, wiki",0,https://tc.ow2.org/bin/view/wiki/GSoC+2018+Ideas+List,https://mail.ow2.org/wws/info/authzforce-team
OWASP Foundation,"java, net, ruby, javascript, python",8,https://www.owasp.org/index.php/GSOC2018_Ideas,https://www.owasp.org/index.php/GSoC#Getting_in_touch
P2PSP.org,"python,  javascript, webrtc, sockets, c/c++",1,http://www.p2psp.org/en/news/78-gsoc-2018-ideas-page,https://gitter.im/orgs/P2PSP/rooms
PEcAn Project," javascript, postgresql,  php, c, r",1,http://pecanproject.github.io/gsoc_ideas.html,http://pecanproject.github.io/contact.html
Performance Co-Pilot,"python, redis, c, linux, javascript",5,http://pcp.io/gsoc/2018/ideas.html,http://pcp.io/community.html
phpBB Forum Software,"mysql,  javascript, html5/css3, php, symfony",2,https://www.phpbb.com/development/gsoc/ideas/,https://www.phpbb.com/support/irc
phpMyAdmin,"php, mysql, cakephp, jquery, javascript",4,https://github.com/phpmyadmin/phpmyadmin/wiki/GSoC_2018_ideas_list,https://lists.phpmyadmin.net/mailman/listinfo/developers
Plone,"python,  javascript, html, css, reactjs",4,https://plone.org/community/gsoc/2018/ideas,https://community.plone.org
PMD,"java, xml, javacc, antlr, xpath",1,https://github.com/pmd/pmd/wiki/Project-Ideas-%5BMature%5D,https://gitter.im/pmd/pmd
Pocket Science Lab,"android, java, firmware, c, cad",2,https://github.com/fossasia/pslab.io/wiki/Ideas,https://gitter.im/fossasia/pslab
Polly Labs,"c/c++, llvm, polly, isl, ppcg",3,http://pollylabs.org/gsoc2018.html,https://groups.google.com/forum/#!forum/polly-dev
PostgreSQL,"postgresql, sql, rdbms, ordbms, c",3,https://wiki.postgresql.org/wiki/GSoC_2018,https://www.postgresql.org/community/irc/
Probot,"javascript, node, github",2,https://github.com/probot/ideas/blob/master/GOOGLE_SUMMER_OF_CODE.md,https://probot.github.io/community/
Public Lab,"ruby on rails, javascript, node.js",9,http://publiclab.org/gsoc-ideas,http://publiclab.org/chat
Purr Data,"javascript, html5/css3, node.js, c/c++",1,https://git.purrdata.net/jwilkes/summer-of-code-ideas-list/blob/master/README.md,http://disis.music.vt.edu/listinfo/l2ork-dev
Python HYDRA,"python, rdf, flask, hydra, json/json-ld",2,http://www.hydra-gsoc.appspot.com/,https://gitter.im/HTTP-APIs/Lobby
Python Software Foundation,python,14,http://python-gsoc.org/,http://python-gsoc.org/#contact
QEMU,"c, kvm",4,https://wiki.qemu.org/Google_Summer_of_Code_2018,https://www.qemu.org/contribute/
Quill.org,"ruby, rails, react, javascript, postgresql",1,https://trello.com/b/sDoN2wL4/google-summer-of-code-2018-ideas,https://community.quill.org/join-slack/
R project for statistical computing,"r-project, c, c++, javascript, fortran",24,https://github.com/rstats-gsoc/gsoc2018/wiki/table-of-proposed-coding-projects,https://github.com/rstats-gsoc/gsoc2018/wiki
radare,"c, cpp, rust, qt",5,http://radare.org/gsoc/2018/ideas.html,http://radare.org/r/me.html
ReactOS,"c, c++",1,https://www.reactos.org/wiki/Google_Summer_of_Code_2018_Ideas,https://reactos.org/irc
Read the Docs,"python, sphinx, django, javascript, elasticsearch",1,http://docs.readthedocs.io/en/latest/gsoc.html,http://docs.readthedocs.io/en/latest/gsoc.html#want-to-get-involved
Red Hen Lab,"python, scikit-learn, tensorflow, singularity, syntaxnet",10,https://sites.google.com/site/distributedlittleredhen/summer-of-code/google-summer-of-code-2018-ideas-page,https://red-hen-gsoc.slack.com
RoboComp,"c/c++, python, cmake, openscenegraph, ice - zeroc",8,https://robocomp.github.io/web/blog/gsoc/ideas2018,https://gitter.im/robocomp/home
Rocket.Chat," javascript, ios, android, node, meteor.js",7,https://rocket.chat/docs/contributing/google-summer-of-code-2018,https://open.rocket.chat
Rspamd,"c, machine learning, javascript, lua",0,https://rspamd.com/ideas.html,https://rspamd.com/support.html
RTEMS Project,"c, python, posix, bsd unix",4,https://devel.rtems.org/wiki/Developer/OpenProjects,https://devel.rtems.org/wiki/Developer/IRC
Ruby,ruby,5,https://github.com/rubygsoc/rubygsoc/wiki/Ideas-List,http://slack.bundler.io
Ruby on Rails,"ruby, ruby on rails, html",2,https://github.com/railsgsoc/ideas/wiki/2018-Ideas,https://groups.google.com/forum/#!forum/rubyonrails-gsoc
Ruby Science Foundation,"ruby, c, c++, cuda",4,https://github.com/SciRuby/sciruby/wiki/Google-Summer-of-Code-2018-Ideas,http://sciruby.com/
Sage Mathematical Software System,"python 3, python, cython, c/c++",5,https://wiki.sagemath.org/GSoC/2018,https://groups.google.com/forum/#!forum/sage-gsoc
Scala,"scala, jvm, llvm",1,https://scala-lang.org/gsoc/2018/,https://gitter.im/scala/scala
Scilab,"c, c++, java, scilab",4,https://wiki.scilab.org/GSoC_project_proposal,https://www.scilab.org/resources/user_community/irc
ScummVM,"c++, opengl, sdl, assembly",3,http://wiki.scummvm.org/index.php/Summer_of_Code/GSoC_Ideas_2018,http://wiki.scummvm.org/index.php/Summer_of_Code/GSoC_Contact
Seastar,"cpp, framework, dpdk, tcp, linux",1,https://github.com/scylladb/seastar/wiki/Google-Summer-of-Code-2018,https://scylladb-users.slack.com
Software and Computational Systems Lab at LMU Munich,"java, python,  javascript",1,https://www.sosy-lab.org/gsoc/gsoc2018.php,mailto:info@sosy-lab.org
Space @ Virginia Tech,"python, javascript, d3, mysql, mongodb",2,http://space.vt.edu/space_gsoc_2018.html,http://space.vt.edu/space_gsoc_2018.html
SPDX,"rdf,  python,  java, json",4,http://wiki.spdx.org/view/GSOC/GSOC_ProjectIdeas,https://lists.spdx.org/mailman/listinfo/spdx-tech
Stemformatics,"python, javascript, postgresql",2,https://docs.google.com/document/d/1zcuCTUMqbR7QFrUaGmxYGD_iKt8XCK6a35RtN6GGUC0/edit?usp=sharing,https://gitter.im/stemformatics/Lobby
STE||AR Group,"c++, cuda, opencv, python, boost",4,https://github.com/STEllAR-GROUP/hpx/wiki/GSoC-2018-Project-Ideas,https://github.com/STEllAR-GROUP/hpx/wiki/HPX-Resource-Guide
Stony Brook University Biomedical Informatics,"python, matlab, c++, javascript",2,https://goo.gl/gxRnz5,https://groups.google.com/d/forum/stonybrookbmigsoc
strace,"linux, c, git, shell script, make",2,https://strace.io/wiki/GoogleSummerOfCode2018,https://strace.io
Streetmix,"javascript, react, redux, postgresql, mongodb",1,https://github.com/streetmix/streetmix/projects,https://streetmix-slack.herokuapp.com/
Submitty,"python, c++, databases, web/html/css, php/javascript/ajax",2,http://submitty.org/developer/project_ideas,https://join.slack.com/t/submitty/shared_invite/enQtMzE1NzgyMzUzNzI5LWNkNjUzYmZjOWJkNzdlM2QzNTM3MGYwNmQwMzQ3NjAwODUwYjI4MTRlZDNjZTFlMTk4ZjUzN2MxNzRjNDIwZTU
Sugar Labs,"python, javascript, gtk+",11,https://wiki.sugarlabs.org/go/Summer_of_Code,http://chat.sugarlabs.org
Sustainable Computing Research Group (SCoRe),"android, java, go, node, pyth",18,http://www.scorelab.org/gsoc-2018/,https://gitter.im/scorelab
Swift,"c++, llvm,  cmake, swift",0,https://swift.org/project-ideas,https://swift.org/community/
SymPy,python,7,https://github.com/sympy/sympy/wiki/GSoC-2018-Ideas,https://gitter.im/sympy/sympy
Systers Community,"ios, android, python, ruby on rails, javascript",11,https://github.com/systers/systers.github.io/wiki/GSoC-2018,http://systers.io/slack-systers-opensource/
TEAMMATES @ National University of Singapore," java, appengine, javascript",5,http://tinyurl.com/teammates-ideas,https://github.com/TEAMMATES/teammates#contacting-us
The Center for Connected Learning and Computer-Based Modeling," javascript, scala, html5/css3",2,https://github.com/NetLogo/NetLogo/wiki/Google-Summer-of-Code-Ideas-List,https://gitter.im/NetLogo/GSoC
The Eclipse Foundation,"php,  java, xtext, javascript, c/c++",7,https://wiki.eclipse.org/Google_Summer_of_Code_2018_Ideas,https://accounts.eclipse.org/mailing-list/soc-dev
The Honeynet Project,"python 3,  python, golang, c/c++, machine learning",17,https://honeynet.org/gsoc2018/ideas,https://gsoc-slack.honeynet.org/
The Java Pathfinder Team,"java, jvm, android, distributed systems",4,https://github.com/javapathfinder/jpf-core/wiki/GSoC-2018-Project-Ideas,https://groups.google.com/forum/#!forum/java-pathfinder
The Libreswan Project,"c, python,  shell script, qemu",3,https://libreswan.org/wiki/GSoC2018,https://libreswan.org/wiki/GSoC2018
The Linux Foundation,"c, c++, cups, ipp",12,https://wiki.linuxfoundation.org/gsoc/google-summer-code-2018,https://wiki.linuxfoundation.org/gsoc/google-summer-code-2018#if-you-have-questions
The MacPorts Project,"tcl, html/javascript, frontend, vue.js, react.js",0,https://trac.macports.org/wiki/SummerOfCode,https://www.macports.org/contact.php#IRC
The Mifos Initiative,"java, android, spring, angularjs, mysql",12,https://mifosforge.jira.com/wiki/spaces/RES/pages/225411076/Google+Summer+of+Code+2018+Ideas,https://gitter.im/openMF/mifos
The NetBSD Foundation,"c, bsd make",4,https://wiki.netbsd.org/projects/gsoc/,https://wiki.netbsd.org/community/
The ns-3 Network Simulator Project,"c/c++,  python",5,https://www.nsnam.org/wiki/GSOC2018Projects,https://ns-3.zulipchat.com
The Processing Foundation,"java, javascript, python, android, opengl",16,https://github.com/processing/processing/wiki/Project-List,https://forum.processing.org/two/categories/summer-of-code-2018
The Qt Project,"c++11, cpp, qt, qml, opengl",1,https://wiki.qt.io/Google_Summer_of_Code/2018/Project_Ideas,https://wiki.qt.io/IRC
The syslog-ng project.,"java, c/c++, big data, elasticsearch, rest",1,https://github.com/balabit/syslog-ng/wiki/GSoC2018-Idea-&-Project-list,https://gitter.im/balabit/syslog-ng
The Vega Visualization Tools by the UW Interactive Data Lab,"javascript, typescript, react, d3.js",2,https://docs.google.com/document/d/1YKBzT-aTrKGxA-G6ktzRSIC-ihc3JCWmNW5k7OL85nA/edit?usp=sharing,https://communityinviter.com/apps/vega-js/join
The Wine Project," directx,  x11,  win32, opengl, c",2,https://wiki.winehq.org/SummerOfCode,https://www.winehq.org/irc
TimVideos.us,"fpga, verilog, python, c",2,https://github.com/timvideos/getting-started/issues,http://webchat.freenode.net/?channels=%23timvideos&uio=d4
TLA+,"java, tla+, eclipse, ocaml, smt",1,https://github.com/tlaplus/tlaplus/blob/master/general/docs/contributions.md,https://groups.google.com/forum/#!forum/tlaplus
UCSC Xena," javascript, python, clojure, react, jvm",1,https://github.com/ucscXena/ucsc-xena-client/wiki/Google-Summer-of-Code-Ideas-2018,https://groups.google.com/forum/#!forum/xena-google-summer-of-code
VideoLAN,"c, c++, go, vue.js",10,https://wiki.videolan.org/SoC_2018/,https://www.videolan.org/support/
ViSP,c/c++,2,https://github.com/lagadic/visp/wiki/GSoC_2018,https://github.com/lagadic/visp/wiki/GSoC_2018#for-students-interested-in-applying
vitrivr,"java, angularjs, spark, grpc",1,https://vitrivr.org/gsoc.html#ideas,https://groups.google.com/forum/#!forum/vitrivr
webpack,"javascript, web development, html5/css3, node.js, webassembly",3,https://docs.google.com/document/d/17snmViHEAM3vhj6bf0nH0-i0so_rQf4PeK5OuCrXcV8/edit?usp=sharing,http://webpack.js.org
Wikimedia Foundation,"php, javascript, ruby on rails, android, reactjs",12,https://www.mediawiki.org/wiki/Google_Summer_of_Code/2018,https://wikimedia.zulipchat.com/#narrow/stream/gsoc18-outreachy16
WorldBrain.io - Verifying the Internet,"react, javascript, browser extension, datproject",3,https://github.com/WorldBrain/Memex/issues?q=is%3Aissue+is%3Aopen+label%3A%22GSoC+2018+Projects%22,http://join-worldbrain.herokuapp.com
X.org Foundation,"opengl, vulkan, x11, wayland, opencl",2,https://www.x.org/wiki/SummerOfCodeIdeas/,https://www.x.org/wiki/SummerOfCodeIdeas/
Xapian Search Engine Library,"c++, unicode, swig, linux, golang",2,https://trac.xapian.org/wiki/GSoCProjectIdeas,https://trac.xapian.org/wiki/GSoC_IRC
XBMC Foundation,"python, c/c++, github, mysql",2,http://kodi.wiki/view/Google_Summer_of_Code/2018,http://kodi.wiki/view/Kodi_related_projects_and_sites
Xi Editor Project,"rust, swift",3,http://google.github.io/xi-editor/gsoc.html,https://botbot.me/mozilla/xi/
xpra.org,"python, javascript, compression, remote access, cython",0,https://xpra.org/trac/wiki/ProjectIdeas,https://xpra.org/trac/wiki/Help
XWiki," java, javascript, html5, css3, velocity",3,http://gsoc.xwiki.org/,http://dev.xwiki.org/xwiki/bin/view/Community/Chat
Zulip,"python, django, javascript, react native, electron",10,https://zulip.readthedocs.io/en/latest/overview/gsoc-ideas.html,https://chat.zulip.org
52°North Initiative for Geospatial Open Source Software GmbH,"javascript, android, web,  java",2,https://wiki.52north.org/Projects/GSoC2019ProjectIdeas,https://wiki.52north.org/Projects/GSoC#Contact
AboutCode.org,"python,  javascript, nlp, automaton, search",3,https://github.com/nexB/aboutcode/wiki/GSOC-2019,https://gitter.im/aboutcode-org/discuss
AerospaceResearch.net,"python,  c/c++, vhdl, boinc, java",7,https://aerospaceresearch.net/?page_id=1111,https://aerospaceresearch.zulipchat.com/
aimacode,"python, python 3,  java,  javascript, machine learning",4,http://aima.cs.berkeley.edu/gsoc.html,http://aima.cs.berkeley.edu/gsoc.html
Amahi,"golang, ruby on rails,  android, ios, containers",7,https://wiki.amahi.org/index.php/Google_Summer_of_Code_Ideas,https://www.amahi.org/community
Android Graphics Tools Team,"opengl, vulkan, spir-v, java,  c/c++",2,https://github.com/google/graphicsfuzz/blob/master/docs/summer-of-code-ideas/2019.md,mailto:android-graphics-tools@google.com
AOSSIE - Australian Open Source Software Innovation and Education,"scala, javascript, isabelle proof assistant, android, ios",18,http://aossie.org/#ideas,https://gitter.im/AOSSIE/Lobby
Apertium,"c++, python, xml, bash",10,http://wiki.apertium.org/wiki/Ideas_for_Google_Summer_of_Code,http://wiki.apertium.org/wiki/IRC
apertus° Association,"fpga, embedded, vhdl, c, linux",4,https://lab.apertus.org/project/board/20/,https://www.apertus.org/irc-chat
API Client Tools at Google,"openapi, grpc, protocol buffers, rpc, rest",1,https://github.com/googleapis/googleapis.github.io/wiki/Project-Ideas,mailto:actools-info@google.com
appleseedhq,"c++11, python, opengl",2,https://github.com/appleseedhq/appleseed/wiki/List-of-Project-Ideas-for-GSoC-2019,https://discord.gg/dNCE5J8
Ardupilot.org,"drones, python, linux, robotics, c/c++",5,http://ardupilot.org/dev/docs/gsoc-ideas-list.html,https://gitter.im/ArduPilot/GSoC
Bazel,"windows,  c/c++,  java, bazel",2,https://github.com/bazelbuild/bazel/wiki/Project-Ideas,mailto:bazel-dev@googlegroups.com
BeagleBoard.org,"raspberry pi, linux kernel, javascript, python, hardware acceleration",3,https://beagleboard.org/gsocideas,https://beagleboard.org/gsocchat
Berkman Klein Center for Internet and Society,"ruby on rails, meteor.js, elasticsearch,  python,  java",3,https://cyber.harvard.edu/gsoc,https://cyber.harvard.edu/gsoc/Main_Page#Contact_Us
"Biomedical Informatics, Emory University","python, java, deep learning, medical imaging, tensorflow",4,https://github.com/sharmalab/Emory-BMI-GSoC-2019#list-of-ideas,https://github.com/sharmalab/Emory-BMI-GSoC-2019#communicating-with-the-mentors
Blender Foundation,"c, c++, python, opengl",7,https://wiki.blender.org/wiki/GSoC/Ideas_Suggestions,https://www.blender.org/get-involved/developers/
Boost C++,c++ libraries c++11 c++14 c++17 c++20,11,https://github.com/boostorg/boost/wiki/Google-Summer-of-Code:-2019,https://www.boost.org/community/irc.html
BRL-CAD,"c/c++, opengl, opencl, python, javascript",8,https://github.com/opencax/GSoC/issues,https://brlcad.zulipchat.com
Buildroot,"gnu make, kconfig, python, shell",1,https://elinux.org/Buildroot:GSoC2019Ideas,https://buildroot.org/support.html
Canadian Center for Computational Genomics,"python,  r-project,  javascript,  react,  nodejs",4,https://bitbucket.org/mugqic/gsoc_2019,mailto:gsoc2019@computationalgenomics.ca
Catrobat,"java, android, swift, symfony",9,http://developer.catrobat.org/gsoc_2019_ideas_page.html,https://catrob.at/mailinglist
cBioPortal for Cancer Genomics,"java, javascript, reactjs, database, web apps",6,https://github.com/cBioPortal/GSoC/wiki/ideas,https://slack.cbioportal.org/
CBMI@UTHSC,"reactjs,  python, flask, javascript, tensorflow",3,https://docs.google.com/document/d/1HQCrOy694zVUnhx7xibheohTeonS1OzEKW22RbEUyvU/edit#,https://groups.google.com/forum/#!forum/cbmiuthsc-gsoc/new
CCExtractor Development,"ai, c, python, cloud, javascript",10,https://www.ccextractor.org/public:gsoc:ideas_page_for_summer_of_code_2019,https://www.ccextractor.org/public:general:support
Center for Research in Open Source Software at UC Santa Cruz,"python,  javascript,  c/c++, verilog",4,https://github.com/uccross/uccross.github.io/blob/master/gsoc19.md,https://gitter.im/uccross/gsoc
CERN-HSF," c/c++, python, data analysis, parallelization, machine learning",29,https://hepsoftwarefoundation.org/activities/gsoc.html,http://hepsoftwarefoundation.org/activities/gsoc.html
CGAL project,"c++, git, swig, python",9,https://github.com/CGAL/cgal/wiki/Project-Ideas,https://www.cgal.org/mailing_list.html
CHAOSS,"python, javascript, jupyter, mysql, elasicsearch",4,https://github.com/chaoss/governance/blob/master/GSoC-Ideas.md,https://chaoss.community/participate/
Chapel,"chapel, python, high performance computing, c, c++",4,http://chapel-lang.org/gsoc,https://gitter.im/chapel-lang/chapel
Checker Framework,java,5,https://rawgit.com/typetools/checker-framework/master/docs/developer/gsoc-ideas.html,https://groups.google.com/forum/#!forum/checker-framework-gsoc
CircuitVerse.org,"rails,  javascript, postgresql, bootstrap, html5 canvas",3,https://github.com/CircuitVerse/CircuitVerse/wiki/Project-Ideas,https://gitter.im/CircuitVerse/community?utm_source=share-link&utm_medium=link&utm_campaign=share-link
CiviCRM,"php, mysql,  angularjs, javascript",2,https://lab.civicrm.org/community/gsoc/blob/master/projects.md,https://chat.civicrm.org
"CLiPS, University of Antwerp"," python,  javascript, mongodb",4,https://docs.google.com/document/d/1fdsApd42kg7ujq5a1rmS_AViJAFUEWipDLAufc5u2pg,http://www.clips.uantwerpen.be:3001/
Cloud Native Computing Foundation (CNCF),"kubernetes, golang, prometheus, docker",15,https://github.com/cncf/soc#project-ideas,https://github.com/cncf/soc
CloudCV,"python 3, django, aws, angularjs, docker",4,https://gsoc.cloudcv.org/,https://gitter.im/Cloud-CV/
coala,"python 3,  java,  angularjs,  haskell,  docker",10,https://projects.coala.io,http://coala.io/chat
Computational Biology @ University of Nebraska-Lincoln,"javascript, react, postgresql, webgl",5,http://helikarlab.org/GSoC2019.html,https://groups.google.com/forum/#!forum/helikarlab-gsoc
coreboot,"c, assembler",3,https://doc.coreboot.org/contributing/project_ideas.html,https://doc.coreboot.org/community/forums.html
Creative Commons,"javascript, python, postgresql, wordpress, elasticsearch",5,https://creativecommons.github.io/gsoc-2019/project-ideas/,https://creativecommons.github.io/community/
CRIU (Checkpoint/Restore in User-space),"docker, linux, containers, kernel",1,https://criu.org/Google_Summer_of_Code_Ideas,https://lists.openvz.org/mailman/listinfo/criu
Cuneiform Digital Library Initiative (CDLI),"python, php, mysql,  java, html/css",5,https://github.com/cdli-gh/Framework/wiki/Google-Summer-of-Code-2019-Ideas-List,mailto:cdli@ucla.edu
D Programming Language,"dlang, linux, windows, osx, bsd",5,https://wiki.dlang.org/GSOC_2019_Ideas,https://kiwiirc.com/nextclient/#irc://irc.freenode.net/#d
DBpedia," apache spark,  python,  javascript, skala, java",6,https://github.com/dbpedia/GSoC/issues,https://wiki.dbpedia.org/join/get-in-touch
Debian,"git, python, javascript,  c/c++, irc",5,https://wiki.debian.org/SummerOfCode2019/Projects,https://wiki.debian.org/IRC
Developers Italia,"python, go, scala, node.js, html/css/js",3,https://developers.italia.it/en/gsoc-ideas,https://slack.developers.italia.it/
Digital Impact Alliance," android, java, php, python, javascript",3,http://gsoc.dial.community/,https://dial.zulipchat.com/#narrow/stream/110501-OSC-Summer.20of.20Codel
Django Software Foundation,"python, django",2,https://code.djangoproject.com/wiki/SummerOfCode2019,https://docs.djangoproject.com/en/dev/internals/contributing/new-contributors/
Drupal,"php, symfony, sql, javascript, drupal 8",2,https://groups.drupal.org/node/534703,https://drupal.slack.com/messages/C2ESCQHNX
Earth Science Information Partners,"python, kubernetes, jupyter, deep learning, gdal",2,https://github.com/ESIPFed/gsoc/issues,https://esip-slack-invite.herokuapp.com/
Fedora Project," python, html/css/js, rest, angular, golang",5,https://docs.fedoraproject.org/en-US/mentored-projects/gsoc/2019/ideas/,https://webchat.freenode.net/?channels=#fedora-summer-coding
FFmpeg,"c99, assembler",6,https://trac.ffmpeg.org/wiki/SponsoringPrograms/GSoC/2019,https://ffmpeg.org/contact.html#IRCChannels
FOSDEM,"javascript, grafana, voctomix, influxdb, ruby on rails",2,https://docs.google.com/document/d/1NfUqP5nWyCnImszcpBnwKQ-YGzwclv3D0mYe8YuldJg/edit?usp=sharing,http://webchat.freenode.net/?channels=fosdem-gsoc
FOSSASIA,"javascript, python, java, reactjs, c",14,https://labs.fossasia.org/ideas.html,https://gitter.im/fossasia/fossasia
FOSSology Project,"postgresql, php,  c/c++, jquery, bash",3,https://github.com/fossology/fossology/issues/1266,https://fossology.slack.com
FrameNet Brasil at the Federal University of Juiz de Fora,"php, mysql, javascript,  python",2,http://www.ufjf.br/framenetbr-eng/summer-of-code/,https://framenetbrgsoc.slack.com
Free and Open Source Silicon Foundation,"verilog, compiler, risc-v, web development, jenkins",7,https://fossi-foundation.org/gsoc19-ideas,https://gitter.im/librecores/Lobby
FreeBSD," c/c++, llvm, shell script,  assembly, make",6,https://wiki.freebsd.org/SummerOfCodeIdeas,https://wiki.freebsd.org/SummerOfCode/IRC
FreeType,"c, gnu make, gnu autotools, python, fonts",3,https://www.freetype.org/gsoc.html,https://lists.nongnu.org/mailman/listinfo/freetype-devel
freifunk,"c, python, ruby, openwrt, html/css/js",10,https://projects.freifunk.net,http://irc.freifunk.net
"Genes, Genomes and Variation","perl, mysql,  javascript,  python, rest",3,http://www.ensembl.info/about/student-projects/,http://lists.ensembl.org/mailman/listinfo/dev
GENIVI Alliance,"yocto, embedded, automotive, some/ip",2,https://at.projects.genivi.org/wiki/x/2QDe,https://lists.genivi.org/mailman/listinfo/genivi-projects_lists.genivi.org
Gentoo Foundation,"shell script, bash,  c/c++,  python, linux kernel",2,https://wiki.gentoo.org/wiki/Google_Summer_of_Code/2019/Ideas,https://wiki.gentoo.org/wiki/Google_Summer_of_Code/2019/Application_Guidelines
Git,"c, shell, git",2,https://git.github.io/SoC-2019-Ideas/,http://git-scm.com/community
Global Alliance for Genomics and Health," java, mongodb, spring",5,https://docs.google.com/document/d/1Aw413LFR6ILqjXJoNpbZ-51f52oN8mEvp0MPvxWVXRE/edit?usp=sharing,mailto:gsoc@genomicsandhealth.org
GNOME,"c, javascript, gtk+, python, rust",8,https://wiki.gnome.org/Outreach/SummerOfCode/2019/Ideas,https://wiki.gnome.org/Community/GettingInTouch/IRC
GNSS-SDR," c/c++, c++ libraries c++11 c++14 c++17 c++20, c++17, gnss, sdr",3,https://gnss-sdr.org/google-summer-code-2019-ideas-list/,http://lists.sourceforge.net/lists/listinfo/gnss-sdr-developers
GNU Compiler Collection," c/c++, gnu autotools",6,https://gcc.gnu.org/wiki/SummerOfCode,https://gcc.gnu.org/wiki/GCConIRC
GNU Mailman,"python 3, email, rest, django",1,https://wiki.list.org/x/17892040,https://webchat.freenode.net/?channels=#mailman
GNU Octave,"c++, hg",0,http://wiki.octave.org/Summer_of_Code_Project_Ideas,https://webchat.freenode.net/?channels=#octave
GNU Radio,"python, c++, qt, android",2,https://wiki.gnuradio.org/index.php/GSoCIdeas,https://www.gnuradio.org/about/
Godot Engine,"c++, gdscript, opengl, cpp, github",8,https://github.com/godotengine/godot-roadmap/blob/master/GSoC/GSoC-2019.md,https://godotengine.org/community
gprMax,"python, cuda, openmp, cython, mpi",2,https://github.com/gprMax/gprMax/blob/master/gsoc/project-ideas-2019.md,https://groups.google.com/forum/?hl=en-GB#!forum/gprmax
Haiku,"c++, unix, posix, arm, x86",1,https://www.haiku-os.org/community/gsoc/2019/ideas,https://www.haiku-os.org/community/irc
Haskell.Org,"haskell, ghc, servant, codeworld, cabal",15,https://summer.haskell.org/ideas.html,https://summer.haskell.org/contact.html
Hydra Ecosystem,"python, redis, flask, javascript, sql",2,https://www.hydraecosystem.org/gsoc-19,https://gitter.im/HTTP-APIs/Lobby
INCF,"python, javascript, jupyter, c++, xml",17,https://www.incf.org/gsoc2019/projectlist,mailto:info@incf.org
Inkscape,"svg, css, c++11, gtk,  python",1,http://wiki.inkscape.org/wiki/index.php/Google_Summer_of_Code#Suggested_Project_Ideas,https://inkscape.org/community/discussion/
Institut für Angewandte Informatik (InfAI) e.V.,"java,  javascript, a-frame, neo4j, htc vive",1,https://github.com/softvis-research/Getaviz/wiki/GSoC-Ideas-2019,mailto:softvis@uni-leipzig.de
Intel Media And Audio For Linux,"video, audio, ffmpeg, gstreamer, hardware acceleration",2,https://01.org/linuxmedia/documentation/gsoc-2019-ideas,https://01.org/linuxmedia/blogs/seanvk/2017/vaapi-media-consolidation
InterMine,"java,  python,  javascript,  clojure,  r",6,http://intermine.org/gsoc/project-ideas/2019/,http://chat.intermine.org/
Internet Archive,"python, javascript, node.js, php, elasticsearch",2,https://docs.google.com/document/d/1posF4zhq2lAz7eikloT9_K4LnHXfJ5VWGpCtJS6rJ0M/edit?usp=sharing,mailto:iagsoc2019@gmail.com
Internet Systems Consortium," c/c++, c99, mysql, python, javascript",1,https://gitlab.isc.org/isc-projects/kea/wikis/gsoc/kea%20gsoc%202019,https://lists.isc.org
JabRef,"java, javafx, latex",1,http://www.jabref.org/GSoC2019.html,https://gitter.im/JabRef/jabref
JBoss Community,"java, golang, react",8,https://developer.jboss.org/wiki/GSoC2019Ideas,https://developer.jboss.org/wiki/JBossGSoCContactInformation
JdeRobot - Universidad Rey Juan Carlos," ros, gazebo,  python,  c/c++, opencv",6,https://jderobot.org/GSoC-2019,http://jderobot.org/Community#Questions_and_support
Jenkins project," java,  javascript, docker, kubernetes, machine learning",5,https://jenkins.io/projects/gsoc/2019/project-ideas/,https://gitter.im/jenkinsci/gsoc-sig
Joomla,"php,  javascript, mysql, html/css, cms",3,https://docs.joomla.org/GSOC_2019_Project_Ideas,https://glip.com/joomla
JSK Robotics Laboratory / The University of Tokyo,"ros, lisp",0,http://www.jsk.imi.i.u-tokyo.ac.jp/gsoc/2019,mailto:k-okada+gsoc@jsk.imi.i.u-tokyo.ac.jp
Kapitan,"kubernetes, terraform, python, jinja2, jsonnet",1,https://github.com/deepmind/kapitan/issues?q=is%3Aissue+is%3Aopen+label%3Agsoc,https://groups.google.com/d/forum/kapitan-discuss
KDE Community,"c++, qt, qt5",22,https://community.kde.org/GSoC/2019/Ideas,https://userbase.kde.org/IRC_Channels
Kiwix,"android, java, c++, python, javascript",2,https://www.kiwix.org/en/support-us/contribute/google-summer-of-code/,http://webchat.freenode.net/?channels=#kiwix
KNIME,"javascript, java, tensorflow",2,https://docs.google.com/document/d/1uEUJOutcq3cYzuxj8ceCqurZp9PdF-ZwvXq1HkfJx7c,mailto:academia@knime.com
Kodi Foundation,"c++, ffmpeg, sqlite, mysql, python",1,https://kodi.wiki/view/Google_Summer_of_Code/2019,https://kodi.wiki/view/Kodi_related_projects_and_sites
LabLua,"lua,  céu",5,http://www.lua.inf.puc-rio.br/gsoc/ideas2019.html,http://groups.google.com/group/labluagsoc
Libre Space Foundation," python, django, arduino, raspberry pi,  c/c++",2,https://gitlab.com/librespacefoundation/soc-org/wikis/Google-Summer-of-Code-2019#ideas,https://libre.space/community/
LibreHealth,"java, javascript, webcomponents, mysql",0,https://forums.librehealth.io/ideas,https://chat.librehealth.io/channels/gsoc
LibreOffice,"c++,  python,  java",6,https://wiki.documentfoundation.org/Development/GSoC/Ideas,https://wiki.documentfoundation.org/Website/IRC
Libvirt,"virtualization, kvm, xen, c,  python",3,https://wiki.libvirt.org/page/Google_Summer_of_Code_Ideas,https://libvirt.org/contact.html#irc
Linkerd,"golang, rust, kubernetes,  react, prometheus",2,https://linkerd.io/gsoc/,https://linkerd.io/2/get-involved/
Liquid Galaxy project,"python, nodejs, android, maps api",7,https://www.liquidgalaxy.eu/2017/08/gsoc-2019-project-ideas.html,http://liquidgalaxy.slack.com
LLVM Compiler Infrastructure,"llvm, clang",8,http://llvm.org/OpenProjects.html#gsoc19,http://llvm.org/docs/#irc
LuaRocks,lua,2,https://luarocks.github.io/luarocks/gsoc/ideas2019.html,https://gitter.im/luarocks/luarocks
MacPorts,"tcl, c, python, scripting, web",4,https://trac.macports.org/wiki/SummerOfCode,https://www.macports.org/contact.php#IRC
MariaDB Foundation,"mariadb, mysql, c, c++,  java",4,https://mariadb.com/kb/en/mariadb/google-summer-of-code-2019/,https://mariadb.com/kb/en/meta/irc/
Matrix.org,"python, javascript,  nodejs, postgresql, go",4,https://matrix-org.github.io/gsoc/,https://matrix.to/#/#gsoc:matrix.org
MBDyn - Multibody Dynamics," python, c++, scripting",1,https://public.gitlab.polimi.it/DAER/mbdyn/wikis/Google-Summer-of-Code/Project-Ideas,http://lists.mbdyn.org/mailman/listinfo/mbdyn-users
MetaBrainz Foundation Inc,"python, perl, javascript, postgres, react",6,https://wiki.musicbrainz.org/Development/Summer_of_Code/2019,https://metabrainz.org/contact
MIT App Inventor," java,  javascript,  android, google app engine, gwt",4,https://github.com/mit-cml/appinventor-sources/wiki/Projects-GSoC-2019,https://groups.google.com/forum/#!forum/app-inventor-open-source-dev
mlpack,c++,9,https://github.com/mlpack/mlpack/wiki/SummerOfCodeIdeas,http://webchat.freenode.net/?channels=mlpack
Moira,"golang,  javascript, typescript, grafana, graphite",1,https://moira.readthedocs.io/en/latest/gsoc.html,https://t.me/moira_alert
Moodle,"php,  javascript, sql, angular, ionic",2,https://docs.moodle.org/dev/Projects_for_new_developers,https://telegram.me/moodledev
Mozilla,"javascript, python, rust, c++,  react",14,https://wiki.mozilla.org/Community:SummerOfCode19#Project_List,https://wiki.mozilla.org/IRC
MuseScore,"qt, c++, cmake",4,https://musescore.org/en/handbook/developers-handbook/google-summer-code/ideas-2019,https://t.me/musescoreeditorchat
Named Data Networking Project,"java, android,  javascript, c++14, c#",2,https://named-data.net/gsoc-2019/#project-ideas,http://minindn.memphis.edu/ndnslack/
National Resource for Network Biology (NRNB),"java,  javascript, python, c++, web",11,https://github.com/nrnb/GoogleSummerOfCode/issues,https://groups.google.com/forum/#!forum/cytoscape-helpdesk
Neovim,"c, lua",2,https://github.com/neovim/neovim/wiki/GSoC-2019-Ideas,https://gitter.im/neovim/neovim
Netfilter project,"c, linux kernel",3,http://people.netfilter.org/pablo/nf-ideas-2019.txt,https://netfilter.org/mailinglists.html
NumFOCUS,"python,  javascript, c/c++, r",19,https://github.com/numfocus/gsoc/blob/master/2019/ideas-list.md,https://groups.google.com/a/numfocus.org/forum/#!forum/gsoc
NV Access,"python, c++, ui automation, iaccessible2, win32 api",1,https://github.com/nvaccess/nvda/wiki/GSOC-2019-Ideas-List,https://sourceforge.net/p/nvda/lists/nvda-devel/
Open Astronomy,"python, julia, c++, numba",9,http://openastronomy.org/gsoc/gsoc2019/,http://openastronomy.org
Open Bioinformatics Foundation,"python, perl, java, javascript, biojs",5,https://obf.github.io/GSoC/ideas/,https://obf.github.io/GSoC/contact/
Open Chemistry,"c++, python, opengl, javascript, html",6,http://wiki.openchemistry.org/GSoC_Ideas_2019,https://openchemistry.slack.com/
Open Data Kit,"android,  java",2,https://forum.opendatakit.org/t/18160,http://slack.opendatakit.org
Open Roberta," java,  javascript",3,https://github.com/OpenRoberta/robertalab/wiki/Google-Summer-of-Code,https://github.com/OpenRoberta/robertalab/wiki/Community
Open Source Robotics Foundation,"ros, gazebo, c++, python",7,https://github.com/osrf/osrf_wiki/wiki/GSoC,http://wiki.ros.org/Get%20Involved
Open Technologies Aliance - GFOSS,"python,  javascript, gtk, qt, arduino",13,https://ellak.gr/wiki/index.php?title=Google_Summer_of_Code_2019_proposed_ideas,https://lists.ellak.gr/gsoc-developers/listinfo.html
OpenCV,"c++, python",8,https://github.com/opencv/opencv/wiki/GSoC_2019,https://github.com/opencv/opencv/wiki/GSoC_2019#general-information
OpenMRS," java,  javascript, spring, mysql,  android",12,https://wiki.openmrs.org/display/RES/Summer+Of+Code+2019,https://wiki.openmrs.org/display/IRC/Home
OpenStreetMap," javascript, ruby,  java,  c/c++",5,https://wiki.openstreetmap.org/wiki/Google_Summer_of_Code/2019/Project_ideas,https://wiki.openstreetmap.org/wiki/IRC
OpenWISP,"python, django, javascript, ansible, openwrt",2,http://openwisp.org/gsoc/ideas-2019.html,https://gitter.im/openwisp/general
Oppia Foundation,"angularjs, python, javascript, app engine, css",4,https://github.com/oppia/oppia/wiki/Google-Summer-of-Code-2019#oppias-project-ideas,https://github.com/oppia/oppia/wiki/Google-Summer-of-Code-2019#communication
OSGeo," c/c++,  python, sql, open source databases,  java",7,https://wiki.osgeo.org/wiki/Google_Summer_of_Code_2019_Ideas,https://wiki.osgeo.org/wiki/Google_Summer_of_Code_Recommendations_for_Students#How_to_get_in_contact_via_IRC
OWASP Foundation,"python,  java, javascript, php",12,https://www.owasp.org/index.php/GSoC2019_Ideas,https://owasp.slack.com/messages/CFJLZNFN1
PEcAn Project,"r, python, postgresql,  docker, singularity",2,https://pecanproject.github.io/gsoc_ideas.html,https://join.slack.com/t/pecanproject/shared_invite/enQtMzkyODUyMjQyNTgzLTYyZTZiZWQ4NGE1YWU3YWIyMTVmZjEyYzA3OWJhYTZmOWQwMDkwZGU0Mjc4Nzk0NGYwYTIyM2RiZmMyNjg5MTE
Percona,"mysql, postgresql, prometheus, javascript, selenium",2,https://www.percona.com/googlesummerofcode2019,https://groups.google.com/forum/#!forum/percona-gsoc
Performance Co-Pilot,"python, redis, c, linux, javascript",2,https://pcp.io/gsoc/2019/ideas.html,https://pcp.io/community.html
Pharo Consortium,"pharo, squeak, smalltalk, ide, os",7,http://gsoc.pharo.org/,https://discordapp.com/invite/QewZMZa
phpMyAdmin,"php, mysql, bootstrap, javascript, cakephp",2,https://github.com/phpmyadmin/phpmyadmin/wiki/GSoC_2019_ideas_list,https://lists.phpmyadmin.net/mailman/listinfo/developers
Pitivi,"python 3, gtk, gstreamer, c",3,http://developer.pitivi.org/GSoC_Ideas.html,http://www.pitivi.org/?go=contact
PostgreSQL,"postgresql, sql, rdbms, c",4,https://wiki.postgresql.org/wiki/GSoC_2019,https://www.postgresql.org/community/irc/
Project PANOPTES,"python 3, arduino, cloud",2,https://projectpanoptes.org/gsoc-2019/,https://forum.projectpanoptes.org/c/GSoC-2019
Public Lab,"ruby on rails, javascript, node.js, raspberry pi",12,https://publiclab.org/gsoc-ideas,https://publiclab.org/chat
Purr Data,"javascript, node.js,  html5,  c/c++",1,https://git.purrdata.net/jwilkes/summer-of-code-ideas-list,http://disis.music.vt.edu/cgi-bin/mailman/listinfo/l2ork-dev
Python Software Foundation,python,30,http://python-gsoc.org/,http://python-gsoc.org/index.html#contact
QEMU,"linux, kvm, c, virtualization",3,https://wiki.qemu.org/Google_Summer_of_Code_2019,https://webchat.oftc.net/?nick=&channels=%23qemu-gsoc&uio=d4
R project for statistical computing,"r-project, c, c++, fortran, javascript",30,https://github.com/rstats-gsoc/gsoc2019/wiki/table-of-proposed-coding-projects,https://github.com/rstats-gsoc/gsoc2019/wiki
ReactOS,"c, c++, nt, win32, php",2,https://reactos.org/wiki/Google_Summer_of_Code_2019_Ideas,https://chat.reactos.org
Read the Docs,"python, django, documentation, sphinx",2,https://docs.readthedocs.io/en/latest/gsoc.html,https://docs.readthedocs.io/en/latest/contribute.html?highlight=irc#get-in-touch
Red Hen Lab,"nlp, python, asr, opencv, machine learning",15,https://sites.google.com/site/distributedlittleredhen/summer-of-code/google-summer-of-code-2019-ideas-page,http://redhen-gsoc.slack.com
RoboComp," python, c++11, component-based development, qt,  opencv",10,https://robocomp.github.io/web/blog/gsoc/ideas2019,https://groups.google.com/forum/?hl=en#!forum/robocomp-dev
Rocket.Chat," javascript, node.js,  react, ios,  android",15,https://rocket.chat/docs/contributing/google-summer-of-code-2019/#project-ideas,https://open.rocket.chat
RTEMS Project,"c/c++,  python,  assembly,  posix ,  bsd unix",4,https://devel.rtems.org/wiki/Developer/OpenProjects,https://devel.rtems.org/wiki/Developer/IRC
Ruby,"ruby, c",5,https://github.com/rubygsoc/rubygsoc/wiki/Ideas-List,http://slack.bundler.io
Ruby Science Foundation,"ruby, c/c++, cuda, ai, machine learning",2,https://github.com/SciRuby/sciruby/wiki/Google-Summer-of-Code-2019-Ideas,http://sciruby.com
SageMath,"python, cython",4,https://wiki.sagemath.org/GSoC/2019,https://groups.google.com/group/sage-gsoc/
Salesforce,"scala,  apache spark, javascript,  nodejs, react",2,https://github.com/salesforce/gsoc,mailto:oss-gsoc@salesforce.com
Samba,"c, smb",1,https://wiki.samba.org/index.php/SoC/Ideas,https://www.samba.org/samba/irc.html
SCoRe Lab (Sustainable Computing Research Lab),"python, nodejs, android, golang",27,http://www.scorelab.org/gsoc-2019/,https://gitter.im/scorelab/scorelab
ScummVM," c/c++, sdl,  opengl,  assembly, lua",3,https://wiki.scummvm.org/index.php?title=Summer_of_Code/GSoC_Ideas_2019,http://wiki.scummvm.org/index.php/Summer_of_Code/GSoC_Contact
shogun.ml,"c++11, c++17,  python, swig, cmake",1,https://github.com/shogun-toolbox/shogun/wiki/Google-Summer-of-Code-2019-Projects,http://webchat.freenode.net/?channels=shogun&uio=d4
Software and Computational Systems Lab at LMU Munich,"python, java, javascript",2,https://www.sosy-lab.org/gsoc/gsoc2019.php#ideas,mailto:info@sosy-lab.org
Software Heritage," python,  javascript, postgres, django, git",3,https://wiki.softwareheritage.org/wiki/Google_Summer_of_Code_2019,https://www.softwareheritage.org/community/developers/
SPDX (Software Product Data Exchange)," python,  java, golang, xml",8,https://wiki.spdx.org/view/GSOC/GSOC_ProjectIdeas,https://gitter.im/spdx-org
strace,"linux, c, shell script, make, awk",2,https://strace.io/wiki/GoogleSummerOfCode2019,https://strace.io
Submitty,"php, python, postgresql, c++, javascript",4,https://submitty.org/developer/project_ideas,https://join.slack.com/t/submitty/shared_invite/enQtMzE1NzgyMzUzNzI5LWNkNjUzYmZjOWJkNzdlM2QzNTM3MGYwNmQwMzQ3NjAwODUwYjI4MTRlZDNjZTFlMTk4ZjUzN2MxNzRjNDIwZTU
Sugar Labs,"python, javascript",8,https://github.com/sugarlabs/GSoC/blob/master/Ideas-2019.md,https://github.com/sugarlabs/GSoC#how-to-talk-to-us-
Swift,"swift, programming languages, compilers, ios, server",1,https://swift.org/gsoc2019,https://swift.org/community/#forums
SymbiFlow,"verilog, fpga, xilinx",1,https://github.com/SymbiFlow/ideas/issues,https://webchat.freenode.net/?channels=symbiflow
SymPy,python,10,https://github.com/sympy/sympy/wiki/GSoC-2019-Ideas,https://gitter.im/sympy/sympy
Synfig,"c++, gtk, gtkmm",2,https://synfig-docs-dev.readthedocs.io/en/latest/gsoc/2019/ideas.html#projects-ideas,https://forums.synfig.org/c/development
syslog-ng,"c, python, rest, json, elasticsearch",2,https://github.com/balabit/syslog-ng/wiki/GSoC2019-Idea-&-Project-list,https://gitter.im/balabit/syslog-ng
TensorFlow,"machine learning, deep learning,  python, c/c++, data analysis",19,https://goo.gl/SHFKbb,https://gitter.im/tensorflow/gsoc
The Apache Software Foundation," java,  c/c++",17,https://s.apache.org/gsoc2019ideas,https://wiki.apache.org/general/IRC
The Center for Connected Learning and Computer-Based Modeling," javascript, scala",1,https://github.com/NetLogo/NetLogo/wiki/Google-Summer-of-Code-Ideas-List,https://gitter.im/NetLogo/GSoC
The Eclipse Foundation,"java, jakarta,  javascript, openj9",10,https://wiki.eclipse.org/Google_Summer_of_Code_2019_Ideas,https://wiki.eclipse.org/IRC
The GNU Project,operating systems,5,https://www.gnu.org/software/soc-projects/ideas.html,https://lists.gnu.org/mailman/listinfo/summer-of-code
The Honeynet Project,"python, go,  c/c++, linux, data analysis",9,https://gsoc.honeynet.org,https://gsoc-slack.honeynet.org/
The Java Pathfinder Team,"java, jvm, bytecode, android, distributed systems",6,https://github.com/javapathfinder/jpf-core/wiki/GSoC-2019-Project-Ideas,https://groups.google.com/forum/#!forum/java-pathfinder
The Julia Language,julia,13,https://julialang.org/soc/ideas-page,https://julialang.org/community/
The Libreswan Project,"c, nss, virtualization, python, web",1,https://libreswan.org/wiki/GSoC,https://libreswan.org/wiki/IRC
The Linux Foundation,"c, c++, cups, ipp",7,https://wiki.linuxfoundation.org/gsoc/google-summer-code-2019,https://wiki.linuxfoundation.org/gsoc/google-summer-code-2019#if_you_have_questions
The Mifos Initiative,"android, spring, java, angular, mysql",14,https://mifosforge.jira.com/wiki/spaces/RES/pages/812810251/Google+Summer+of+Code+2019+Ideas,https://gitter.im/openMF/mifos
The NetBSD Foundation,"c, bsd, make",7,https://wiki.netbsd.org/projects/gsoc/,https://wiki.netbsd.org/community/
The ns-3 Network Simulator Project," c/c++,  python",4,https://www.nsnam.org/wiki/GSOC2019Projects,https://ns-3.zulipchat.com
The Perl Foundation,"c, perl, regular expressions, perl6, perl5",4,https://perl-gsoc-2019.github.io/ideas/,https://www.irc.perl.org/
The Postgres Operator,"postgresql, kubernetes, golang, operator, patroni",1,https://github.com/zalando-incubator/postgres-operator/blob/master/docs/gsoc-2019/ideas.md,https://postgresteam.slack.com/messages/CFYAXFT7D/
The Processing Foundation,"java,  javascript,  python,  android,  opengl",16,https://github.com/processing/processing/wiki/Project-List,https://discourse.processing.org/c/summer-of-code
The Terasology Foundation,"java, lwjgl, opengl, blender, gradle",9,https://trello.com/b/5QQGHuTt/gsoc-ideas,https://github.com/MovingBlocks/Terasology/wiki/Using-IRC
The Vega Project at the University of Washington,"typescript, d3, vega, vega-lite, react",2,https://docs.google.com/document/d/16uxN2ss7HHCUFqwv9znkvirMYjng3r-kFJ7nOW8azTY,https://bit.ly/join-vega-slack
The Wine Project,"c,  opengl,  directx,  x11,  win32",0,https://wiki.winehq.org/SummerOfCode,https://www.winehq.org/irc
TimVideos.us,"python, verilog, vhdl, c, fpga",0,https://code.timvideos.us/summer-of-code/,http://webchat.freenode.net/?channels=%23timvideos
Tokio,"tokio_rs, rust",1,https://tokio.rs/gsoc/,https://gitter.im/tokio-rs/gsoc
Tungsten Fabric,"linux, kubernetes,  python, networking,  c/c++",1,https://wiki.tungsten.io/display/TUN/GSoC+2019,https://tungsten.io/community/
UCSC Xena,"javascript,  python,  clojure,  react",1,https://github.com/ucscXena/ucsc-xena-client/wiki/Google-Summer-of-Code-Ideas-2019,https://groups.google.com/forum/#!forum/xena-google-summer-of-code
VideoLAN,"c, opengl, qt, assembly, c++",9,https://wiki.videolan.org/SoC_2019,https://www.videolan.org/support/
webpack,"javascript, web development, webasssembly, node.js, html5/css3",2,https://docs.google.com/document/d/19ZCaBt5UQJ45reIpCKQo_oeICpk9sPW5YjqO7ciAQh4/edit?usp=sharing,http://webpack.js.org
Wikimedia Foundation,"php, javascript, html, css, python",11,https://www.mediawiki.org/wiki/Google_Summer_of_Code/2019,https://wikimedia.zulipchat.com/#narrow/stream/180873-gsoc19-outreachy18
X.Org Foundation,"opengl, vulkan, x11, wayland, opencl",2,https://www.x.org/wiki/SummerOfCodeIdeas/,https://www.x.org/wiki/SummerOfCodeIdeas/
Xapian Search Engine Library,"c++, unicode, swig, linux",3,https://trac.xapian.org/wiki/GSoCProjectIdeas,https://trac.xapian.org/wiki/GSoC_IRC
Xi Editor,"rust, swift",1,https://xi-editor.io/gsoc.html,https://xi.zulipchat.com/
XMPP Standards Foundation (XSF),"asynchronous i/o, lua, xmpp, java, python 3",3,https://wiki.xmpp.org/web/GSoC/2019/Project_Ideas,https://wiki.xmpp.org/web/GSoC/2019#Join_the_group_chat.21
xpra,"python, javascript, c",0,https://xpra.org/trac/wiki/ProjectIdeas,http://irc.freenode.net/winswitch
XWiki,"java,  javascript,  html5,  css3,  velocity",3,http://gsoc.xwiki.org/,http://dev.xwiki.org/xwiki/bin/view/Community/Chat
Zulip Open Source Project,"python, react native, django, javascript, electron",17,https://zulip.readthedocs.io/en/latest/overview/gsoc-ideas.html,https://chat.zulip.org/
ZynAddSubFX," c/c++, ruby, midi, open-sound-control, opengl",1,https://github.com/zynaddsubfx/zyn-fusion-issues/wiki/GSOC-Ideas-2019,http://zynaddsubfx.sourceforge.net/support.html
